police_district,analysis_neighborhood,month,incident_count,normalized_incidents,month_encoded,cluster
BAYVIEW,Bayview Hunters Point,2023-01,47,-0.15076731508002342,1,2
BAYVIEW,Bayview Hunters Point,2023-02,75,-0.07994265332276931,2,3
BAYVIEW,Bayview Hunters Point,2023-03,64,-0.1077666275845477,3,3
BAYVIEW,Bayview Hunters Point,2023-04,79,-0.06982484450030443,4,3
BAYVIEW,Bayview Hunters Point,2023-05,80,-0.06729539229468823,5,3
BAYVIEW,Bayview Hunters Point,2023-06,90,-0.04200087023852604,6,1
BAYVIEW,Bayview Hunters Point,2023-07,91,-0.03947141803290982,7,1
BAYVIEW,Bayview Hunters Point,2023-08,89,-0.04453032244414226,8,1
BAYVIEW,Bayview Hunters Point,2023-09,102,-0.011647443771131426,9,1
BAYVIEW,Bayview Hunters Point,2023-10,93,-0.03441251362167739,10,1
BAYVIEW,Bayview Hunters Point,2023-11,84,-0.05717758347222335,11,1
BAYVIEW,Bayview Hunters Point,2023-12,77,-0.07488374891153687,12,3
BAYVIEW,Bernal Heights,2023-01,0,-0.26965156874398566,1,0
BAYVIEW,Bernal Heights,2023-02,0,-0.26965156874398566,2,0
BAYVIEW,Bernal Heights,2023-03,0,-0.26965156874398566,3,0
BAYVIEW,Bernal Heights,2023-04,0,-0.26965156874398566,4,0
BAYVIEW,Bernal Heights,2023-05,0,-0.26965156874398566,5,0
BAYVIEW,Bernal Heights,2023-06,0,-0.26965156874398566,6,0
BAYVIEW,Bernal Heights,2023-07,0,-0.26965156874398566,7,0
BAYVIEW,Bernal Heights,2023-08,0,-0.26965156874398566,8,0
BAYVIEW,Bernal Heights,2023-09,1,-0.2671221165383694,9,0
BAYVIEW,Bernal Heights,2023-10,0,-0.26965156874398566,10,0
BAYVIEW,Bernal Heights,2023-11,0,-0.26965156874398566,11,0
BAYVIEW,Bernal Heights,2023-12,0,-0.26965156874398566,12,0
BAYVIEW,Excelsior,2023-01,5,-0.25700430771590455,1,0
BAYVIEW,Excelsior,2023-02,7,-0.25194540330467213,2,0
BAYVIEW,Excelsior,2023-03,8,-0.2494159510990559,3,0
BAYVIEW,Excelsior,2023-04,9,-0.2468864988934397,4,4
BAYVIEW,Excelsior,2023-05,8,-0.2494159510990559,5,0
BAYVIEW,Excelsior,2023-06,7,-0.25194540330467213,6,0
BAYVIEW,Excelsior,2023-07,6,-0.25447485551028837,7,0
BAYVIEW,Excelsior,2023-08,2,-0.26459266433275325,8,0
BAYVIEW,Excelsior,2023-09,4,-0.2595337599215208,9,0
BAYVIEW,Excelsior,2023-10,11,-0.24182759448220725,10,4
BAYVIEW,Excelsior,2023-11,15,-0.23170978565974237,11,4
BAYVIEW,Excelsior,2023-12,11,-0.24182759448220725,12,4
BAYVIEW,McLaren Park,2023-01,7,-0.25194540330467213,1,0
BAYVIEW,McLaren Park,2023-02,8,-0.2494159510990559,2,0
BAYVIEW,McLaren Park,2023-03,8,-0.2494159510990559,3,0
BAYVIEW,McLaren Park,2023-04,4,-0.2595337599215208,4,0
BAYVIEW,McLaren Park,2023-05,5,-0.25700430771590455,5,0
BAYVIEW,McLaren Park,2023-06,8,-0.2494159510990559,6,0
BAYVIEW,McLaren Park,2023-07,10,-0.2443570466878235,7,4
BAYVIEW,McLaren Park,2023-08,6,-0.25447485551028837,8,0
BAYVIEW,McLaren Park,2023-09,11,-0.24182759448220725,9,4
BAYVIEW,McLaren Park,2023-10,6,-0.25447485551028837,10,0
BAYVIEW,McLaren Park,2023-11,1,-0.2671221165383694,11,0
BAYVIEW,McLaren Park,2023-12,19,-0.22159197683727752,12,4
BAYVIEW,Portola,2023-01,28,-0.19882690698673156,1,2
BAYVIEW,Portola,2023-02,27,-0.20135635919234776,2,2
BAYVIEW,Portola,2023-03,31,-0.1912385503698829,3,2
BAYVIEW,Portola,2023-04,34,-0.18365019375303424,4,2
BAYVIEW,Portola,2023-05,20,-0.2190625246316613,5,4
BAYVIEW,Portola,2023-06,16,-0.22918033345412617,6,4
BAYVIEW,Portola,2023-07,27,-0.20135635919234776,7,2
BAYVIEW,Portola,2023-08,31,-0.1912385503698829,8,2
BAYVIEW,Portola,2023-09,34,-0.18365019375303424,9,2
BAYVIEW,Portola,2023-10,29,-0.19629745478111535,10,2
BAYVIEW,Portola,2023-11,26,-0.203885811397964,11,2
BAYVIEW,Portola,2023-12,36,-0.17859128934180182,12,2
BAYVIEW,Potrero Hill,2023-01,6,-0.25447485551028837,1,0
BAYVIEW,Potrero Hill,2023-02,2,-0.26459266433275325,2,0
BAYVIEW,Potrero Hill,2023-03,4,-0.2595337599215208,3,0
BAYVIEW,Potrero Hill,2023-04,5,-0.25700430771590455,4,0
BAYVIEW,Potrero Hill,2023-05,7,-0.25194540330467213,5,0
BAYVIEW,Potrero Hill,2023-06,1,-0.2671221165383694,6,0
BAYVIEW,Potrero Hill,2023-07,2,-0.26459266433275325,7,0
BAYVIEW,Potrero Hill,2023-08,5,-0.25700430771590455,8,0
BAYVIEW,Potrero Hill,2023-09,3,-0.262063212127137,9,0
BAYVIEW,Potrero Hill,2023-10,6,-0.25447485551028837,10,0
BAYVIEW,Potrero Hill,2023-11,4,-0.2595337599215208,11,0
BAYVIEW,Potrero Hill,2023-12,3,-0.262063212127137,12,0
CENTRAL,Chinatown,2023-01,5,-0.25700430771590455,1,0
CENTRAL,Chinatown,2023-02,4,-0.2595337599215208,2,0
CENTRAL,Chinatown,2023-03,6,-0.25447485551028837,3,0
CENTRAL,Chinatown,2023-04,3,-0.262063212127137,4,0
CENTRAL,Chinatown,2023-05,7,-0.25194540330467213,5,0
CENTRAL,Chinatown,2023-06,6,-0.25447485551028837,6,0
CENTRAL,Chinatown,2023-07,6,-0.25447485551028837,7,0
CENTRAL,Chinatown,2023-08,5,-0.25700430771590455,8,0
CENTRAL,Chinatown,2023-09,13,-0.2367686900709748,9,0
CENTRAL,Chinatown,2023-10,5,-0.25700430771590455,10,0
CENTRAL,Chinatown,2023-11,6,-0.25447485551028837,11,0
CENTRAL,Chinatown,2023-12,3,-0.262063212127137,12,0
CENTRAL,Financial District/South Beach,2023-01,64,-0.1077666275845477,1,3
CENTRAL,Financial District/South Beach,2023-02,44,-0.15835567169687206,2,3
CENTRAL,Financial District/South Beach,2023-03,79,-0.06982484450030443,3,3
CENTRAL,Financial District/South Beach,2023-04,76,-0.0774132011171531,4,3
CENTRAL,Financial District/South Beach,2023-05,54,-0.1330611496407099,5,3
CENTRAL,Financial District/South Beach,2023-06,74,-0.08247210552838553,6,3
CENTRAL,Financial District/South Beach,2023-07,44,-0.15835567169687206,7,3
CENTRAL,Financial District/South Beach,2023-08,58,-0.12294334081824501,8,3
CENTRAL,Financial District/South Beach,2023-09,46,-0.15329676728563962,9,3
CENTRAL,Financial District/South Beach,2023-10,67,-0.10017827096769906,10,3
CENTRAL,Financial District/South Beach,2023-11,79,-0.06982484450030443,11,3
CENTRAL,Financial District/South Beach,2023-12,85,-0.054648131266607135,12,3
CENTRAL,Nob Hill,2023-01,9,-0.2468864988934397,1,0
CENTRAL,Nob Hill,2023-02,5,-0.25700430771590455,2,0
CENTRAL,Nob Hill,2023-03,7,-0.25194540330467213,3,0
CENTRAL,Nob Hill,2023-04,5,-0.25700430771590455,4,0
CENTRAL,Nob Hill,2023-05,9,-0.2468864988934397,5,0
CENTRAL,Nob Hill,2023-06,4,-0.2595337599215208,6,0
CENTRAL,Nob Hill,2023-07,7,-0.25194540330467213,7,0
CENTRAL,Nob Hill,2023-08,7,-0.25194540330467213,8,0
CENTRAL,Nob Hill,2023-09,9,-0.2468864988934397,9,0
CENTRAL,Nob Hill,2023-10,5,-0.25700430771590455,10,0
CENTRAL,Nob Hill,2023-11,5,-0.25700430771590455,11,0
CENTRAL,Nob Hill,2023-12,9,-0.2468864988934397,12,0
CENTRAL,North Beach,2023-01,6,-0.25447485551028837,1,0
CENTRAL,North Beach,2023-02,11,-0.24182759448220725,2,0
CENTRAL,North Beach,2023-03,6,-0.25447485551028837,3,0
CENTRAL,North Beach,2023-04,3,-0.262063212127137,4,0
CENTRAL,North Beach,2023-05,10,-0.2443570466878235,5,0
CENTRAL,North Beach,2023-06,2,-0.26459266433275325,6,0
CENTRAL,North Beach,2023-07,5,-0.25700430771590455,7,0
CENTRAL,North Beach,2023-08,13,-0.2367686900709748,8,0
CENTRAL,North Beach,2023-09,13,-0.2367686900709748,9,0
CENTRAL,North Beach,2023-10,3,-0.262063212127137,10,0
CENTRAL,North Beach,2023-11,6,-0.25447485551028837,11,0
CENTRAL,North Beach,2023-12,5,-0.25700430771590455,12,0
CENTRAL,Russian Hill,2023-01,134,0.06929502680858754,1,2
CENTRAL,Russian Hill,2023-02,156,0.12494297533214434,2,2
CENTRAL,Russian Hill,2023-03,166,0.15023749738830652,3,2
CENTRAL,Russian Hill,2023-04,129,0.056647765780506454,4,2
CENTRAL,Russian Hill,2023-05,135,0.07182447901420376,5,2
CENTRAL,Russian Hill,2023-06,193,0.2185327069399444,6,4
CENTRAL,Russian Hill,2023-07,176,0.1755320194444687,7,4
CENTRAL,Russian Hill,2023-08,210,0.2615333944354201,8,4
CENTRAL,Russian Hill,2023-09,138,0.07941283563105242,9,2
CENTRAL,Russian Hill,2023-10,199,0.2337094201736417,10,4
CENTRAL,Russian Hill,2023-11,148,0.10470735768721459,11,2
CENTRAL,Russian Hill,2023-12,111,0.011117626079414534,12,2
CENTRAL,Tenderloin,2023-01,248,0.35765257824883634,1,4
CENTRAL,Tenderloin,2023-02,242,0.34247586501513905,2,4
CENTRAL,Tenderloin,2023-03,340,0.5903621811655284,3,1
CENTRAL,Tenderloin,2023-04,277,0.4310066922117067,4,1
CENTRAL,Tenderloin,2023-05,358,0.6358923208666203,5,1
CENTRAL,Tenderloin,2023-06,345,0.6030094421936095,6,1
CENTRAL,Tenderloin,2023-07,341,0.5928916333711446,7,1
CENTRAL,Tenderloin,2023-08,313,0.5220669716138905,8,1
CENTRAL,Tenderloin,2023-09,352,0.620715607632923,9,1
CENTRAL,Tenderloin,2023-10,308,0.5094197105858095,10,1
CENTRAL,Tenderloin,2023-11,289,0.4613601186791013,11,1
CENTRAL,Tenderloin,2023-12,302,0.49424299735211213,12,1
INGLESIDE,Bayview Hunters Point,2023-01,1,-0.2671221165383694,1,0
INGLESIDE,Bayview Hunters Point,2023-02,0,-0.26965156874398566,2,0
INGLESIDE,Bayview Hunters Point,2023-03,0,-0.26965156874398566,3,0
INGLESIDE,Bayview Hunters Point,2023-04,0,-0.26965156874398566,4,0
INGLESIDE,Bayview Hunters Point,2023-05,0,-0.26965156874398566,5,0
INGLESIDE,Bayview Hunters Point,2023-06,0,-0.26965156874398566,6,0
INGLESIDE,Bayview Hunters Point,2023-07,0,-0.26965156874398566,7,0
INGLESIDE,Bayview Hunters Point,2023-08,0,-0.26965156874398566,8,0
INGLESIDE,Bayview Hunters Point,2023-09,0,-0.26965156874398566,9,0
INGLESIDE,Bayview Hunters Point,2023-10,0,-0.26965156874398566,10,0
INGLESIDE,Bayview Hunters Point,2023-11,0,-0.26965156874398566,11,0
INGLESIDE,Bayview Hunters Point,2023-12,0,-0.26965156874398566,12,0
INGLESIDE,Bernal Heights,2023-01,43,-0.1608851239024883,1,1
INGLESIDE,Bernal Heights,2023-02,35,-0.18112074154741803,2,1
INGLESIDE,Bernal Heights,2023-03,24,-0.20894471580919644,3,2
INGLESIDE,Bernal Heights,2023-04,27,-0.20135635919234776,4,4
INGLESIDE,Bernal Heights,2023-05,23,-0.21147416801481264,5,2
INGLESIDE,Bernal Heights,2023-06,34,-0.18365019375303424,6,1
INGLESIDE,Bernal Heights,2023-07,34,-0.18365019375303424,7,1
INGLESIDE,Bernal Heights,2023-08,29,-0.19629745478111535,8,4
INGLESIDE,Bernal Heights,2023-09,33,-0.18617964595865047,9,1
INGLESIDE,Bernal Heights,2023-10,31,-0.1912385503698829,10,4
INGLESIDE,Bernal Heights,2023-11,26,-0.203885811397964,11,4
INGLESIDE,Bernal Heights,2023-12,40,-0.16847348051933694,12,1
INGLESIDE,Excelsior,2023-01,37,-0.1760618371361856,1,1
INGLESIDE,Excelsior,2023-02,53,-0.1355906018463261,2,3
INGLESIDE,Excelsior,2023-03,60,-0.11788443640701259,3,3
INGLESIDE,Excelsior,2023-04,38,-0.17353238493056938,4,1
INGLESIDE,Excelsior,2023-05,54,-0.1330611496407099,5,3
INGLESIDE,Excelsior,2023-06,24,-0.20894471580919644,6,2
INGLESIDE,Excelsior,2023-07,34,-0.18365019375303424,7,1
INGLESIDE,Excelsior,2023-08,49,-0.14570841066879098,8,3
INGLESIDE,Excelsior,2023-09,48,-0.14823786287440718,9,3
INGLESIDE,Excelsior,2023-10,53,-0.1355906018463261,10,3
INGLESIDE,Excelsior,2023-11,45,-0.15582621949125586,11,1
INGLESIDE,Excelsior,2023-12,32,-0.18870909816426668,12,4
INGLESIDE,Glen Park,2023-01,1,-0.2671221165383694,1,0
INGLESIDE,Glen Park,2023-02,1,-0.2671221165383694,2,0
INGLESIDE,Glen Park,2023-03,1,-0.2671221165383694,3,0
INGLESIDE,Glen Park,2023-04,0,-0.26965156874398566,4,0
INGLESIDE,Glen Park,2023-05,2,-0.26459266433275325,5,0
INGLESIDE,Glen Park,2023-06,2,-0.26459266433275325,6,0
INGLESIDE,Glen Park,2023-07,4,-0.2595337599215208,7,0
INGLESIDE,Glen Park,2023-08,3,-0.262063212127137,8,0
INGLESIDE,Glen Park,2023-09,3,-0.262063212127137,9,0
INGLESIDE,Glen Park,2023-10,1,-0.2671221165383694,10,0
INGLESIDE,Glen Park,2023-11,4,-0.2595337599215208,11,0
INGLESIDE,Glen Park,2023-12,0,-0.26965156874398566,12,0
INGLESIDE,McLaren Park,2023-01,20,-0.2190625246316613,1,2
INGLESIDE,McLaren Park,2023-02,20,-0.2190625246316613,2,2
INGLESIDE,McLaren Park,2023-03,18,-0.22412142904289373,3,2
INGLESIDE,McLaren Park,2023-04,21,-0.21653307242604508,4,2
INGLESIDE,McLaren Park,2023-05,29,-0.19629745478111535,5,4
INGLESIDE,McLaren Park,2023-06,44,-0.15835567169687206,6,1
INGLESIDE,McLaren Park,2023-07,36,-0.17859128934180182,7,1
INGLESIDE,McLaren Park,2023-08,23,-0.21147416801481264,8,2
INGLESIDE,McLaren Park,2023-09,26,-0.203885811397964,9,4
INGLESIDE,McLaren Park,2023-10,35,-0.18112074154741803,10,1
INGLESIDE,McLaren Park,2023-11,28,-0.19882690698673156,11,4
INGLESIDE,McLaren Park,2023-12,33,-0.18617964595865047,12,1
INGLESIDE,Noe Valley,2023-01,24,-0.20894471580919644,1,2
INGLESIDE,Noe Valley,2023-02,19,-0.22159197683727752,2,2
INGLESIDE,Noe Valley,2023-03,18,-0.22412142904289373,3,2
INGLESIDE,Noe Valley,2023-04,11,-0.24182759448220725,4,0
INGLESIDE,Noe Valley,2023-05,22,-0.21400362022042888,5,2
INGLESIDE,Noe Valley,2023-06,27,-0.20135635919234776,6,4
INGLESIDE,Noe Valley,2023-07,16,-0.22918033345412617,7,2
INGLESIDE,Noe Valley,2023-08,20,-0.2190625246316613,8,2
INGLESIDE,Noe Valley,2023-09,19,-0.22159197683727752,9,2
INGLESIDE,Noe Valley,2023-10,31,-0.1912385503698829,10,4
INGLESIDE,Noe Valley,2023-11,41,-0.1659440283137207,11,1
INGLESIDE,Noe Valley,2023-12,28,-0.19882690698673156,12,4
INGLESIDE,Oceanview/Merced/Ingleside,2023-01,2,-0.26459266433275325,1,0
INGLESIDE,Oceanview/Merced/Ingleside,2023-02,0,-0.26965156874398566,2,0
INGLESIDE,Oceanview/Merced/Ingleside,2023-03,0,-0.26965156874398566,3,0
INGLESIDE,Oceanview/Merced/Ingleside,2023-04,0,-0.26965156874398566,4,0
INGLESIDE,Oceanview/Merced/Ingleside,2023-05,3,-0.262063212127137,5,0
INGLESIDE,Oceanview/Merced/Ingleside,2023-06,0,-0.26965156874398566,6,0
INGLESIDE,Oceanview/Merced/Ingleside,2023-07,4,-0.2595337599215208,7,0
INGLESIDE,Oceanview/Merced/Ingleside,2023-08,4,-0.2595337599215208,8,0
INGLESIDE,Oceanview/Merced/Ingleside,2023-09,3,-0.262063212127137,9,0
INGLESIDE,Oceanview/Merced/Ingleside,2023-10,1,-0.2671221165383694,10,0
INGLESIDE,Oceanview/Merced/Ingleside,2023-11,5,-0.25700430771590455,11,0
INGLESIDE,Oceanview/Merced/Ingleside,2023-12,0,-0.26965156874398566,12,0
INGLESIDE,Outer Mission,2023-01,18,-0.22412142904289373,1,2
INGLESIDE,Outer Mission,2023-02,19,-0.22159197683727752,2,2
INGLESIDE,Outer Mission,2023-03,21,-0.21653307242604508,3,2
INGLESIDE,Outer Mission,2023-04,25,-0.2064152636035802,4,4
INGLESIDE,Outer Mission,2023-05,17,-0.22665088124850996,5,2
INGLESIDE,Outer Mission,2023-06,14,-0.2342392378653586,6,2
INGLESIDE,Outer Mission,2023-07,19,-0.22159197683727752,7,2
INGLESIDE,Outer Mission,2023-08,38,-0.17353238493056938,8,1
INGLESIDE,Outer Mission,2023-09,18,-0.22412142904289373,9,2
INGLESIDE,Outer Mission,2023-10,24,-0.20894471580919644,10,2
INGLESIDE,Outer Mission,2023-11,23,-0.21147416801481264,11,2
INGLESIDE,Outer Mission,2023-12,23,-0.21147416801481264,12,2
INGLESIDE,Portola,2023-01,4,-0.2595337599215208,1,0
INGLESIDE,Portola,2023-02,5,-0.25700430771590455,2,0
INGLESIDE,Portola,2023-03,5,-0.25700430771590455,3,0
INGLESIDE,Portola,2023-04,10,-0.2443570466878235,4,0
INGLESIDE,Portola,2023-05,6,-0.25447485551028837,5,0
INGLESIDE,Portola,2023-06,6,-0.25447485551028837,6,0
INGLESIDE,Portola,2023-07,8,-0.2494159510990559,7,0
INGLESIDE,Portola,2023-08,11,-0.24182759448220725,8,0
INGLESIDE,Portola,2023-09,6,-0.25447485551028837,9,0
INGLESIDE,Portola,2023-10,6,-0.25447485551028837,10,0
INGLESIDE,Portola,2023-11,7,-0.25194540330467213,11,0
INGLESIDE,Portola,2023-12,6,-0.25447485551028837,12,0
INGLESIDE,Twin Peaks,2023-01,0,-0.26965156874398566,1,0
INGLESIDE,Twin Peaks,2023-02,0,-0.26965156874398566,2,0
INGLESIDE,Twin Peaks,2023-03,0,-0.26965156874398566,3,0
INGLESIDE,Twin Peaks,2023-04,0,-0.26965156874398566,4,0
INGLESIDE,Twin Peaks,2023-05,0,-0.26965156874398566,5,0
INGLESIDE,Twin Peaks,2023-06,0,-0.26965156874398566,6,0
INGLESIDE,Twin Peaks,2023-07,0,-0.26965156874398566,7,0
INGLESIDE,Twin Peaks,2023-08,1,-0.2671221165383694,8,0
INGLESIDE,Twin Peaks,2023-09,0,-0.26965156874398566,9,0
INGLESIDE,Twin Peaks,2023-10,0,-0.26965156874398566,10,0
INGLESIDE,Twin Peaks,2023-11,0,-0.26965156874398566,11,0
INGLESIDE,Twin Peaks,2023-12,0,-0.26965156874398566,12,0
INGLESIDE,Visitacion Valley,2023-01,1,-0.2671221165383694,1,0
INGLESIDE,Visitacion Valley,2023-02,3,-0.262063212127137,2,0
INGLESIDE,Visitacion Valley,2023-03,7,-0.25194540330467213,3,0
INGLESIDE,Visitacion Valley,2023-04,3,-0.262063212127137,4,0
INGLESIDE,Visitacion Valley,2023-05,2,-0.26459266433275325,5,0
INGLESIDE,Visitacion Valley,2023-06,5,-0.25700430771590455,6,0
INGLESIDE,Visitacion Valley,2023-07,6,-0.25447485551028837,7,0
INGLESIDE,Visitacion Valley,2023-08,7,-0.25194540330467213,8,0
INGLESIDE,Visitacion Valley,2023-09,4,-0.2595337599215208,9,0
INGLESIDE,Visitacion Valley,2023-10,6,-0.25447485551028837,10,0
INGLESIDE,Visitacion Valley,2023-11,1,-0.2671221165383694,11,0
INGLESIDE,Visitacion Valley,2023-12,2,-0.26459266433275325,12,0
INGLESIDE,West of Twin Peaks,2023-01,2,-0.26459266433275325,1,0
INGLESIDE,West of Twin Peaks,2023-02,3,-0.262063212127137,2,0
INGLESIDE,West of Twin Peaks,2023-03,1,-0.2671221165383694,3,0
INGLESIDE,West of Twin Peaks,2023-04,4,-0.2595337599215208,4,0
INGLESIDE,West of Twin Peaks,2023-05,3,-0.262063212127137,5,0
INGLESIDE,West of Twin Peaks,2023-06,3,-0.262063212127137,6,0
INGLESIDE,West of Twin Peaks,2023-07,2,-0.26459266433275325,7,0
INGLESIDE,West of Twin Peaks,2023-08,3,-0.262063212127137,8,0
INGLESIDE,West of Twin Peaks,2023-09,3,-0.262063212127137,9,0
INGLESIDE,West of Twin Peaks,2023-10,4,-0.2595337599215208,10,0
INGLESIDE,West of Twin Peaks,2023-11,2,-0.26459266433275325,11,0
INGLESIDE,West of Twin Peaks,2023-12,2,-0.26459266433275325,12,0
MISSION,Bernal Heights,2023-01,0,-0.26965156874398566,1,1
MISSION,Bernal Heights,2023-02,0,-0.26965156874398566,2,1
MISSION,Bernal Heights,2023-03,0,-0.26965156874398566,3,1
MISSION,Bernal Heights,2023-04,0,-0.26965156874398566,4,1
MISSION,Bernal Heights,2023-05,0,-0.26965156874398566,5,1
MISSION,Bernal Heights,2023-06,0,-0.26965156874398566,6,1
MISSION,Bernal Heights,2023-07,0,-0.26965156874398566,7,1
MISSION,Bernal Heights,2023-08,0,-0.26965156874398566,8,1
MISSION,Bernal Heights,2023-09,0,-0.26965156874398566,9,1
MISSION,Bernal Heights,2023-10,0,-0.26965156874398566,10,1
MISSION,Bernal Heights,2023-11,0,-0.26965156874398566,11,1
MISSION,Bernal Heights,2023-12,1,-0.2671221165383694,12,1
MISSION,Castro/Upper Market,2023-01,11,-0.24182759448220725,1,1
MISSION,Castro/Upper Market,2023-02,6,-0.25447485551028837,2,1
MISSION,Castro/Upper Market,2023-03,6,-0.25447485551028837,3,1
MISSION,Castro/Upper Market,2023-04,8,-0.2494159510990559,4,1
MISSION,Castro/Upper Market,2023-05,4,-0.2595337599215208,5,1
MISSION,Castro/Upper Market,2023-06,8,-0.2494159510990559,6,1
MISSION,Castro/Upper Market,2023-07,9,-0.2468864988934397,7,1
MISSION,Castro/Upper Market,2023-08,5,-0.25700430771590455,8,1
MISSION,Castro/Upper Market,2023-09,8,-0.2494159510990559,9,1
MISSION,Castro/Upper Market,2023-10,10,-0.2443570466878235,10,1
MISSION,Castro/Upper Market,2023-11,5,-0.25700430771590455,11,1
MISSION,Castro/Upper Market,2023-12,5,-0.25700430771590455,12,1
MISSION,Mission,2023-01,691,1.478199905336821,1,4
MISSION,Mission,2023-02,598,1.2429608502145126,2,3
MISSION,Mission,2023-03,628,1.3188444163829993,3,0
MISSION,Mission,2023-04,726,1.5667307325333886,4,2
MISSION,Mission,2023-05,751,1.629967037673794,5,2
MISSION,Mission,2023-06,642,1.3542567472616263,6,0
MISSION,Mission,2023-07,721,1.5540834715053076,7,2
MISSION,Mission,2023-08,711,1.5287889494491453,8,2
MISSION,Mission,2023-09,654,1.384610173729021,9,0
MISSION,Mission,2023-10,688,1.4706115487199725,10,4
MISSION,Mission,2023-11,638,1.3441389384391615,11,0
MISSION,Mission,2023-12,569,1.1696067362516422,12,3
MISSION,Noe Valley,2023-01,2,-0.26459266433275325,1,1
MISSION,Noe Valley,2023-02,5,-0.25700430771590455,2,1
MISSION,Noe Valley,2023-03,4,-0.2595337599215208,3,1
MISSION,Noe Valley,2023-04,3,-0.262063212127137,4,1
MISSION,Noe Valley,2023-05,6,-0.25447485551028837,5,1
MISSION,Noe Valley,2023-06,2,-0.26459266433275325,6,1
MISSION,Noe Valley,2023-07,4,-0.2595337599215208,7,1
MISSION,Noe Valley,2023-08,4,-0.2595337599215208,8,1
MISSION,Noe Valley,2023-09,2,-0.26459266433275325,9,1
MISSION,Noe Valley,2023-10,1,-0.2671221165383694,10,1
MISSION,Noe Valley,2023-11,2,-0.26459266433275325,11,1
MISSION,Noe Valley,2023-12,5,-0.25700430771590455,12,1
MISSION,Twin Peaks,2023-01,1,-0.2671221165383694,1,1
MISSION,Twin Peaks,2023-02,0,-0.26965156874398566,2,1
MISSION,Twin Peaks,2023-03,0,-0.26965156874398566,3,1
MISSION,Twin Peaks,2023-04,0,-0.26965156874398566,4,1
MISSION,Twin Peaks,2023-05,0,-0.26965156874398566,5,1
MISSION,Twin Peaks,2023-06,0,-0.26965156874398566,6,1
MISSION,Twin Peaks,2023-07,0,-0.26965156874398566,7,1
MISSION,Twin Peaks,2023-08,0,-0.26965156874398566,8,1
MISSION,Twin Peaks,2023-09,0,-0.26965156874398566,9,1
MISSION,Twin Peaks,2023-10,0,-0.26965156874398566,10,1
MISSION,Twin Peaks,2023-11,0,-0.26965156874398566,11,1
MISSION,Twin Peaks,2023-12,0,-0.26965156874398566,12,1
NORTHERN,Haight Ashbury,2023-01,0,-0.26965156874398566,1,0
NORTHERN,Haight Ashbury,2023-02,0,-0.26965156874398566,2,0
NORTHERN,Haight Ashbury,2023-03,2,-0.26459266433275325,3,0
NORTHERN,Haight Ashbury,2023-04,2,-0.26459266433275325,4,0
NORTHERN,Haight Ashbury,2023-05,0,-0.26965156874398566,5,0
NORTHERN,Haight Ashbury,2023-06,0,-0.26965156874398566,6,0
NORTHERN,Haight Ashbury,2023-07,2,-0.26459266433275325,7,0
NORTHERN,Haight Ashbury,2023-08,0,-0.26965156874398566,8,0
NORTHERN,Haight Ashbury,2023-09,0,-0.26965156874398566,9,0
NORTHERN,Haight Ashbury,2023-10,0,-0.26965156874398566,10,0
NORTHERN,Haight Ashbury,2023-11,0,-0.26965156874398566,11,0
NORTHERN,Haight Ashbury,2023-12,1,-0.2671221165383694,12,0
NORTHERN,Hayes Valley,2023-01,65,-0.10523717537893149,1,3
NORTHERN,Hayes Valley,2023-02,92,-0.03694196582729361,2,3
NORTHERN,Hayes Valley,2023-03,81,-0.06476594008907201,3,3
NORTHERN,Hayes Valley,2023-04,96,-0.026824157004828736,4,3
NORTHERN,Hayes Valley,2023-05,69,-0.09511936655646662,5,3
NORTHERN,Hayes Valley,2023-06,78,-0.07235429670592065,6,3
NORTHERN,Hayes Valley,2023-07,75,-0.07994265332276931,7,3
NORTHERN,Hayes Valley,2023-08,85,-0.054648131266607135,8,3
NORTHERN,Hayes Valley,2023-09,89,-0.04453032244414226,9,3
NORTHERN,Hayes Valley,2023-10,108,0.0035292694625658804,10,3
NORTHERN,Hayes Valley,2023-11,65,-0.10523717537893149,11,3
NORTHERN,Hayes Valley,2023-12,67,-0.10017827096769906,12,3
NORTHERN,Japantown,2023-01,3,-0.262063212127137,1,0
NORTHERN,Japantown,2023-02,2,-0.26459266433275325,2,0
NORTHERN,Japantown,2023-03,3,-0.262063212127137,3,0
NORTHERN,Japantown,2023-04,3,-0.262063212127137,4,0
NORTHERN,Japantown,2023-05,1,-0.2671221165383694,5,0
NORTHERN,Japantown,2023-06,2,-0.26459266433275325,6,0
NORTHERN,Japantown,2023-07,2,-0.26459266433275325,7,0
NORTHERN,Japantown,2023-08,4,-0.2595337599215208,8,0
NORTHERN,Japantown,2023-09,2,-0.26459266433275325,9,0
NORTHERN,Japantown,2023-10,2,-0.26459266433275325,10,0
NORTHERN,Japantown,2023-11,2,-0.26459266433275325,11,0
NORTHERN,Japantown,2023-12,2,-0.26459266433275325,12,0
NORTHERN,Marina,2023-01,51,-0.14064950625755854,1,3
NORTHERN,Marina,2023-02,35,-0.18112074154741803,2,0
NORTHERN,Marina,2023-03,55,-0.13053169743509366,3,3
NORTHERN,Marina,2023-04,52,-0.13812005405194233,4,3
NORTHERN,Marina,2023-05,45,-0.15582621949125586,5,3
NORTHERN,Marina,2023-06,63,-0.11029607979016393,6,3
NORTHERN,Marina,2023-07,45,-0.15582621949125586,7,3
NORTHERN,Marina,2023-08,49,-0.14570841066879098,8,3
NORTHERN,Marina,2023-09,47,-0.15076731508002342,9,3
NORTHERN,Marina,2023-10,45,-0.15582621949125586,10,3
NORTHERN,Marina,2023-11,27,-0.20135635919234776,11,0
NORTHERN,Marina,2023-12,50,-0.14317895846317477,12,3
NORTHERN,Nob Hill,2023-01,62,-0.11282553199578015,1,3
NORTHERN,Nob Hill,2023-02,69,-0.09511936655646662,2,3
NORTHERN,Nob Hill,2023-03,65,-0.10523717537893149,3,3
NORTHERN,Nob Hill,2023-04,59,-0.12041388861262879,4,3
NORTHERN,Nob Hill,2023-05,52,-0.13812005405194233,5,3
NORTHERN,Nob Hill,2023-06,78,-0.07235429670592065,6,3
NORTHERN,Nob Hill,2023-07,85,-0.054648131266607135,7,3
NORTHERN,Nob Hill,2023-08,72,-0.08753100993961796,8,3
NORTHERN,Nob Hill,2023-09,107,0.0009998172569496624,9,3
NORTHERN,Nob Hill,2023-10,109,0.006058721668182099,10,3
NORTHERN,Nob Hill,2023-11,85,-0.054648131266607135,11,3
NORTHERN,Nob Hill,2023-12,87,-0.049589226855374695,12,3
NORTHERN,Pacific Heights,2023-01,20,-0.2190625246316613,1,0
NORTHERN,Pacific Heights,2023-02,30,-0.19376800257549912,2,0
NORTHERN,Pacific Heights,2023-03,20,-0.2190625246316613,3,0
NORTHERN,Pacific Heights,2023-04,17,-0.22665088124850996,4,0
NORTHERN,Pacific Heights,2023-05,21,-0.21653307242604508,5,0
NORTHERN,Pacific Heights,2023-06,26,-0.203885811397964,6,0
NORTHERN,Pacific Heights,2023-07,11,-0.24182759448220725,7,0
NORTHERN,Pacific Heights,2023-08,13,-0.2367686900709748,8,0
NORTHERN,Pacific Heights,2023-09,19,-0.22159197683727752,9,0
NORTHERN,Pacific Heights,2023-10,25,-0.2064152636035802,10,0
NORTHERN,Pacific Heights,2023-11,20,-0.2190625246316613,11,0
NORTHERN,Pacific Heights,2023-12,15,-0.23170978565974237,12,0
NORTHERN,Presidio,2023-01,0,-0.26965156874398566,1,0
NORTHERN,Presidio,2023-02,0,-0.26965156874398566,2,0
NORTHERN,Presidio,2023-03,0,-0.26965156874398566,3,0
NORTHERN,Presidio,2023-04,0,-0.26965156874398566,4,0
NORTHERN,Presidio,2023-05,1,-0.2671221165383694,5,0
NORTHERN,Presidio,2023-06,0,-0.26965156874398566,6,0
NORTHERN,Presidio,2023-07,0,-0.26965156874398566,7,0
NORTHERN,Presidio,2023-08,0,-0.26965156874398566,8,0
NORTHERN,Presidio,2023-09,0,-0.26965156874398566,9,0
NORTHERN,Presidio,2023-10,0,-0.26965156874398566,10,0
NORTHERN,Presidio,2023-11,1,-0.2671221165383694,11,0
NORTHERN,Presidio,2023-12,0,-0.26965156874398566,12,0
NORTHERN,Russian Hill,2023-01,67,-0.10017827096769906,1,3
NORTHERN,Russian Hill,2023-02,76,-0.0774132011171531,2,3
NORTHERN,Russian Hill,2023-03,83,-0.05970703567783957,3,3
NORTHERN,Russian Hill,2023-04,109,0.006058721668182099,4,3
NORTHERN,Russian Hill,2023-05,70,-0.0925899143508504,5,3
NORTHERN,Russian Hill,2023-06,74,-0.08247210552838553,6,3
NORTHERN,Russian Hill,2023-07,74,-0.08247210552838553,7,3
NORTHERN,Russian Hill,2023-08,86,-0.052118679060990915,8,3
NORTHERN,Russian Hill,2023-09,124,0.04400050475242537,9,3
NORTHERN,Russian Hill,2023-10,69,-0.09511936655646662,10,3
NORTHERN,Russian Hill,2023-11,77,-0.07488374891153687,11,3
NORTHERN,Russian Hill,2023-12,68,-0.09764881876208284,12,3
NORTHERN,Tenderloin,2023-01,467,0.911602611278788,1,4
NORTHERN,Tenderloin,2023-02,522,1.05072248258768,2,4
NORTHERN,Tenderloin,2023-03,494,0.979897820830426,3,4
NORTHERN,Tenderloin,2023-04,461,0.8964258980450908,4,4
NORTHERN,Tenderloin,2023-05,461,0.8964258980450908,5,4
NORTHERN,Tenderloin,2023-06,616,1.2884909899156045,6,1
NORTHERN,Tenderloin,2023-07,593,1.2303135891864316,7,1
NORTHERN,Tenderloin,2023-08,570,1.1721361884572585,8,1
NORTHERN,Tenderloin,2023-09,596,1.2379019458032803,9,1
NORTHERN,Tenderloin,2023-10,686,1.4655526443087399,10,1
NORTHERN,Tenderloin,2023-11,583,1.2050190671302694,11,1
NORTHERN,Tenderloin,2023-12,535,1.0836053612606908,12,4
NORTHERN,Western Addition,2023-01,275,0.42594778780047426,1,2
NORTHERN,Western Addition,2023-02,258,0.3829471003049985,2,2
NORTHERN,Western Addition,2023-03,330,0.5650676591093662,3,2
NORTHERN,Western Addition,2023-04,319,0.5372436848475878,4,2
NORTHERN,Western Addition,2023-05,302,0.49424299735211213,5,2
NORTHERN,Western Addition,2023-06,296,0.47906628411841484,6,2
NORTHERN,Western Addition,2023-07,337,0.5827738245486798,7,2
NORTHERN,Western Addition,2023-08,284,0.4487128576510202,8,2
NORTHERN,Western Addition,2023-09,282,0.4436539532397878,9,2
NORTHERN,Western Addition,2023-10,311,0.5170080672026581,10,2
NORTHERN,Western Addition,2023-11,292,0.46894847529594996,11,2
NORTHERN,Western Addition,2023-12,234,0.32224024737020934,12,2
PARK,Castro/Upper Market,2023-01,4,-0.2595337599215208,1,1
PARK,Castro/Upper Market,2023-02,2,-0.26459266433275325,2,1
PARK,Castro/Upper Market,2023-03,3,-0.262063212127137,3,1
PARK,Castro/Upper Market,2023-04,6,-0.25447485551028837,4,1
PARK,Castro/Upper Market,2023-05,3,-0.262063212127137,5,1
PARK,Castro/Upper Market,2023-06,7,-0.25194540330467213,6,1
PARK,Castro/Upper Market,2023-07,1,-0.2671221165383694,7,1
PARK,Castro/Upper Market,2023-08,1,-0.2671221165383694,8,1
PARK,Castro/Upper Market,2023-09,2,-0.26459266433275325,9,1
PARK,Castro/Upper Market,2023-10,2,-0.26459266433275325,10,1
PARK,Castro/Upper Market,2023-11,2,-0.26459266433275325,11,1
PARK,Castro/Upper Market,2023-12,1,-0.2671221165383694,12,1
PARK,Golden Gate Park,2023-01,25,-0.2064152636035802,1,1
PARK,Golden Gate Park,2023-02,26,-0.203885811397964,2,1
PARK,Golden Gate Park,2023-03,18,-0.22412142904289373,3,1
PARK,Golden Gate Park,2023-04,35,-0.18112074154741803,4,1
PARK,Golden Gate Park,2023-05,35,-0.18112074154741803,5,1
PARK,Golden Gate Park,2023-06,33,-0.18617964595865047,6,1
PARK,Golden Gate Park,2023-07,25,-0.2064152636035802,7,1
PARK,Golden Gate Park,2023-08,45,-0.15582621949125586,8,1
PARK,Golden Gate Park,2023-09,52,-0.13812005405194233,9,2
PARK,Golden Gate Park,2023-10,41,-0.1659440283137207,10,1
PARK,Golden Gate Park,2023-11,16,-0.22918033345412617,11,1
PARK,Golden Gate Park,2023-12,14,-0.2342392378653586,12,1
PARK,Haight Ashbury,2023-01,220,0.2868279164915823,1,3
PARK,Haight Ashbury,2023-02,236,0.32729915178144176,2,3
PARK,Haight Ashbury,2023-03,237,0.32982860398705793,3,3
PARK,Haight Ashbury,2023-04,246,0.3525936738376039,4,3
PARK,Haight Ashbury,2023-05,240,0.33741696060390663,5,3
PARK,Haight Ashbury,2023-06,217,0.27923955987473364,6,3
PARK,Haight Ashbury,2023-07,267,0.4057121701555445,7,4
PARK,Haight Ashbury,2023-08,237,0.32982860398705793,8,3
PARK,Haight Ashbury,2023-09,269,0.4107710745667769,9,4
PARK,Haight Ashbury,2023-10,255,0.37535874368814987,10,4
PARK,Haight Ashbury,2023-11,257,0.38041764809938233,11,4
PARK,Haight Ashbury,2023-12,248,0.35765257824883634,12,3
PARK,Hayes Valley,2023-01,0,-0.26965156874398566,1,1
PARK,Hayes Valley,2023-02,1,-0.2671221165383694,2,1
PARK,Hayes Valley,2023-03,0,-0.26965156874398566,3,1
PARK,Hayes Valley,2023-04,3,-0.262063212127137,4,1
PARK,Hayes Valley,2023-05,1,-0.2671221165383694,5,1
PARK,Hayes Valley,2023-06,2,-0.26459266433275325,6,1
PARK,Hayes Valley,2023-07,1,-0.2671221165383694,7,1
PARK,Hayes Valley,2023-08,1,-0.2671221165383694,8,1
PARK,Hayes Valley,2023-09,0,-0.26965156874398566,9,1
PARK,Hayes Valley,2023-10,0,-0.26965156874398566,10,1
PARK,Hayes Valley,2023-11,1,-0.2671221165383694,11,1
PARK,Hayes Valley,2023-12,0,-0.26965156874398566,12,1
PARK,Inner Sunset,2023-01,225,0.2994751775196634,1,3
PARK,Inner Sunset,2023-02,226,0.3020046297252796,2,3
PARK,Inner Sunset,2023-03,291,0.46641902309033373,3,4
PARK,Inner Sunset,2023-04,271,0.4158299789780094,4,4
PARK,Inner Sunset,2023-05,219,0.28429846428596606,5,3
PARK,Inner Sunset,2023-06,248,0.35765257824883634,6,3
PARK,Inner Sunset,2023-07,196,0.22612106355679307,7,0
PARK,Inner Sunset,2023-08,232,0.31718134295897693,8,3
PARK,Inner Sunset,2023-09,213,0.26912175105226877,9,3
PARK,Inner Sunset,2023-10,213,0.26912175105226877,10,3
PARK,Inner Sunset,2023-11,224,0.29694572531404717,11,3
PARK,Inner Sunset,2023-12,187,0.2033559937062471,12,0
PARK,Lone Mountain/USF,2023-01,93,-0.03441251362167739,1,2
PARK,Lone Mountain/USF,2023-02,63,-0.11029607979016393,2,2
PARK,Lone Mountain/USF,2023-03,109,0.006058721668182099,3,2
PARK,Lone Mountain/USF,2023-04,94,-0.03188306141606117,4,2
PARK,Lone Mountain/USF,2023-05,133,0.06676557460297133,5,2
PARK,Lone Mountain/USF,2023-06,65,-0.10523717537893149,6,2
PARK,Lone Mountain/USF,2023-07,78,-0.07235429670592065,7,2
PARK,Lone Mountain/USF,2023-08,105,-0.0040590871542827735,8,2
PARK,Lone Mountain/USF,2023-09,116,0.023764887107495625,9,2
PARK,Lone Mountain/USF,2023-10,125,0.04652995695804159,10,2
PARK,Lone Mountain/USF,2023-11,100,-0.016706348182363863,11,2
PARK,Lone Mountain/USF,2023-12,97,-0.024294704799212516,12,2
PARK,Twin Peaks,2023-01,6,-0.25447485551028837,1,1
PARK,Twin Peaks,2023-02,0,-0.26965156874398566,2,1
PARK,Twin Peaks,2023-03,4,-0.2595337599215208,3,1
PARK,Twin Peaks,2023-04,3,-0.262063212127137,4,1
PARK,Twin Peaks,2023-05,4,-0.2595337599215208,5,1
PARK,Twin Peaks,2023-06,3,-0.262063212127137,6,1
PARK,Twin Peaks,2023-07,6,-0.25447485551028837,7,1
PARK,Twin Peaks,2023-08,4,-0.2595337599215208,8,1
PARK,Twin Peaks,2023-09,3,-0.262063212127137,9,1
PARK,Twin Peaks,2023-10,3,-0.262063212127137,10,1
PARK,Twin Peaks,2023-11,1,-0.2671221165383694,11,1
PARK,Twin Peaks,2023-12,5,-0.25700430771590455,12,1
PARK,West of Twin Peaks,2023-01,0,-0.26965156874398566,1,1
PARK,West of Twin Peaks,2023-02,0,-0.26965156874398566,2,1
PARK,West of Twin Peaks,2023-03,1,-0.2671221165383694,3,1
PARK,West of Twin Peaks,2023-04,0,-0.26965156874398566,4,1
PARK,West of Twin Peaks,2023-05,0,-0.26965156874398566,5,1
PARK,West of Twin Peaks,2023-06,0,-0.26965156874398566,6,1
PARK,West of Twin Peaks,2023-07,0,-0.26965156874398566,7,1
PARK,West of Twin Peaks,2023-08,1,-0.2671221165383694,8,1
PARK,West of Twin Peaks,2023-09,0,-0.26965156874398566,9,1
PARK,West of Twin Peaks,2023-10,0,-0.26965156874398566,10,1
PARK,West of Twin Peaks,2023-11,0,-0.26965156874398566,11,1
PARK,West of Twin Peaks,2023-12,0,-0.26965156874398566,12,1
PARK,Western Addition,2023-01,11,-0.24182759448220725,1,1
PARK,Western Addition,2023-02,15,-0.23170978565974237,2,1
PARK,Western Addition,2023-03,9,-0.2468864988934397,3,1
PARK,Western Addition,2023-04,15,-0.23170978565974237,4,1
PARK,Western Addition,2023-05,28,-0.19882690698673156,5,1
PARK,Western Addition,2023-06,23,-0.21147416801481264,6,1
PARK,Western Addition,2023-07,28,-0.19882690698673156,7,1
PARK,Western Addition,2023-08,20,-0.2190625246316613,8,1
PARK,Western Addition,2023-09,16,-0.22918033345412617,9,1
PARK,Western Addition,2023-10,17,-0.22665088124850996,10,1
PARK,Western Addition,2023-11,14,-0.2342392378653586,11,1
PARK,Western Addition,2023-12,24,-0.20894471580919644,12,1
RICHMOND,Golden Gate Park,2023-01,36,-0.17859128934180182,1,3
RICHMOND,Golden Gate Park,2023-02,46,-0.15329676728563962,2,3
RICHMOND,Golden Gate Park,2023-03,55,-0.13053169743509366,3,3
RICHMOND,Golden Gate Park,2023-04,107,0.0009998172569496624,4,2
RICHMOND,Golden Gate Park,2023-05,80,-0.06729539229468823,5,0
RICHMOND,Golden Gate Park,2023-06,56,-0.12800224522947745,6,3
RICHMOND,Golden Gate Park,2023-07,67,-0.10017827096769906,7,0
RICHMOND,Golden Gate Park,2023-08,173,0.16794366282762005,8,4
RICHMOND,Golden Gate Park,2023-09,47,-0.15076731508002342,9,3
RICHMOND,Golden Gate Park,2023-10,34,-0.18365019375303424,10,3
RICHMOND,Golden Gate Park,2023-11,42,-0.1634145761081045,11,3
RICHMOND,Golden Gate Park,2023-12,45,-0.15582621949125586,12,3
RICHMOND,Inner Richmond,2023-01,59,-0.12041388861262879,1,3
RICHMOND,Inner Richmond,2023-02,56,-0.12800224522947745,2,3
RICHMOND,Inner Richmond,2023-03,57,-0.12547279302386125,3,3
RICHMOND,Inner Richmond,2023-04,44,-0.15835567169687206,4,3
RICHMOND,Inner Richmond,2023-05,54,-0.1330611496407099,5,3
RICHMOND,Inner Richmond,2023-06,58,-0.12294334081824501,6,3
RICHMOND,Inner Richmond,2023-07,55,-0.13053169743509366,7,3
RICHMOND,Inner Richmond,2023-08,62,-0.11282553199578015,8,3
RICHMOND,Inner Richmond,2023-09,50,-0.14317895846317477,9,3
RICHMOND,Inner Richmond,2023-10,65,-0.10523717537893149,10,0
RICHMOND,Inner Richmond,2023-11,46,-0.15329676728563962,11,3
RICHMOND,Inner Richmond,2023-12,48,-0.14823786287440718,12,3
RICHMOND,Japantown,2023-01,1,-0.2671221165383694,1,1
RICHMOND,Japantown,2023-02,6,-0.25447485551028837,2,1
RICHMOND,Japantown,2023-03,4,-0.2595337599215208,3,1
RICHMOND,Japantown,2023-04,10,-0.2443570466878235,4,1
RICHMOND,Japantown,2023-05,2,-0.26459266433275325,5,1
RICHMOND,Japantown,2023-06,3,-0.262063212127137,6,1
RICHMOND,Japantown,2023-07,0,-0.26965156874398566,7,1
RICHMOND,Japantown,2023-08,7,-0.25194540330467213,8,1
RICHMOND,Japantown,2023-09,11,-0.24182759448220725,9,1
RICHMOND,Japantown,2023-10,9,-0.2468864988934397,10,1
RICHMOND,Japantown,2023-11,21,-0.21653307242604508,11,1
RICHMOND,Japantown,2023-12,2,-0.26459266433275325,12,1
RICHMOND,Lincoln Park,2023-01,2,-0.26459266433275325,1,1
RICHMOND,Lincoln Park,2023-02,0,-0.26965156874398566,2,1
RICHMOND,Lincoln Park,2023-03,0,-0.26965156874398566,3,1
RICHMOND,Lincoln Park,2023-04,1,-0.2671221165383694,4,1
RICHMOND,Lincoln Park,2023-05,0,-0.26965156874398566,5,1
RICHMOND,Lincoln Park,2023-06,0,-0.26965156874398566,6,1
RICHMOND,Lincoln Park,2023-07,0,-0.26965156874398566,7,1
RICHMOND,Lincoln Park,2023-08,2,-0.26459266433275325,8,1
RICHMOND,Lincoln Park,2023-09,1,-0.2671221165383694,9,1
RICHMOND,Lincoln Park,2023-10,1,-0.2671221165383694,10,1
RICHMOND,Lincoln Park,2023-11,1,-0.2671221165383694,11,1
RICHMOND,Lincoln Park,2023-12,0,-0.26965156874398566,12,1
RICHMOND,Lone Mountain/USF,2023-01,98,-0.0217652525935963,1,0
RICHMOND,Lone Mountain/USF,2023-02,68,-0.09764881876208284,2,0
RICHMOND,Lone Mountain/USF,2023-03,180,0.18564982826693358,3,4
RICHMOND,Lone Mountain/USF,2023-04,139,0.08194228783666864,4,2
RICHMOND,Lone Mountain/USF,2023-05,104,-0.006588539359898992,5,2
RICHMOND,Lone Mountain/USF,2023-06,92,-0.03694196582729361,6,0
RICHMOND,Lone Mountain/USF,2023-07,224,0.29694572531404717,7,4
RICHMOND,Lone Mountain/USF,2023-08,139,0.08194228783666864,8,2
RICHMOND,Lone Mountain/USF,2023-09,182,0.19070873267816602,9,4
RICHMOND,Lone Mountain/USF,2023-10,132,0.06423612239735511,10,2
RICHMOND,Lone Mountain/USF,2023-11,93,-0.03441251362167739,11,0
RICHMOND,Lone Mountain/USF,2023-12,73,-0.08500155773400175,12,0
RICHMOND,Outer Richmond,2023-01,14,-0.2342392378653586,1,1
RICHMOND,Outer Richmond,2023-02,13,-0.2367686900709748,2,1
RICHMOND,Outer Richmond,2023-03,11,-0.24182759448220725,3,1
RICHMOND,Outer Richmond,2023-04,17,-0.22665088124850996,4,1
RICHMOND,Outer Richmond,2023-05,9,-0.2468864988934397,5,1
RICHMOND,Outer Richmond,2023-06,24,-0.20894471580919644,6,1
RICHMOND,Outer Richmond,2023-07,14,-0.2342392378653586,7,1
RICHMOND,Outer Richmond,2023-08,15,-0.23170978565974237,8,1
RICHMOND,Outer Richmond,2023-09,14,-0.2342392378653586,9,1
RICHMOND,Outer Richmond,2023-10,10,-0.2443570466878235,10,1
RICHMOND,Outer Richmond,2023-11,16,-0.22918033345412617,11,1
RICHMOND,Outer Richmond,2023-12,20,-0.2190625246316613,12,1
RICHMOND,Pacific Heights,2023-01,0,-0.26965156874398566,1,1
RICHMOND,Pacific Heights,2023-02,1,-0.2671221165383694,2,1
RICHMOND,Pacific Heights,2023-03,1,-0.2671221165383694,3,1
RICHMOND,Pacific Heights,2023-04,1,-0.2671221165383694,4,1
RICHMOND,Pacific Heights,2023-05,1,-0.2671221165383694,5,1
RICHMOND,Pacific Heights,2023-06,0,-0.26965156874398566,6,1
RICHMOND,Pacific Heights,2023-07,1,-0.2671221165383694,7,1
RICHMOND,Pacific Heights,2023-08,2,-0.26459266433275325,8,1
RICHMOND,Pacific Heights,2023-09,0,-0.26965156874398566,9,1
RICHMOND,Pacific Heights,2023-10,2,-0.26459266433275325,10,1
RICHMOND,Pacific Heights,2023-11,1,-0.2671221165383694,11,1
RICHMOND,Pacific Heights,2023-12,0,-0.26965156874398566,12,1
RICHMOND,Presidio Heights,2023-01,1,-0.2671221165383694,1,1
RICHMOND,Presidio Heights,2023-02,2,-0.26459266433275325,2,1
RICHMOND,Presidio Heights,2023-03,5,-0.25700430771590455,3,1
RICHMOND,Presidio Heights,2023-04,5,-0.25700430771590455,4,1
RICHMOND,Presidio Heights,2023-05,3,-0.262063212127137,5,1
RICHMOND,Presidio Heights,2023-06,3,-0.262063212127137,6,1
RICHMOND,Presidio Heights,2023-07,1,-0.2671221165383694,7,1
RICHMOND,Presidio Heights,2023-08,2,-0.26459266433275325,8,1
RICHMOND,Presidio Heights,2023-09,4,-0.2595337599215208,9,1
RICHMOND,Presidio Heights,2023-10,3,-0.262063212127137,10,1
RICHMOND,Presidio Heights,2023-11,3,-0.262063212127137,11,1
RICHMOND,Presidio Heights,2023-12,5,-0.25700430771590455,12,1
RICHMOND,Seacliff,2023-01,50,-0.14317895846317477,1,3
RICHMOND,Seacliff,2023-02,40,-0.16847348051933694,2,3
RICHMOND,Seacliff,2023-03,51,-0.14064950625755854,3,3
RICHMOND,Seacliff,2023-04,55,-0.13053169743509366,4,3
RICHMOND,Seacliff,2023-05,62,-0.11282553199578015,5,3
RICHMOND,Seacliff,2023-06,75,-0.07994265332276931,6,0
RICHMOND,Seacliff,2023-07,66,-0.10270772317331527,7,0
RICHMOND,Seacliff,2023-08,81,-0.06476594008907201,8,0
RICHMOND,Seacliff,2023-09,89,-0.04453032244414226,9,0
RICHMOND,Seacliff,2023-10,57,-0.12547279302386125,10,3
RICHMOND,Seacliff,2023-11,48,-0.14823786287440718,11,3
RICHMOND,Seacliff,2023-12,29,-0.19629745478111535,12,3
SOUTHERN,Financial District/South Beach,2023-01,13,-0.2367686900709748,1,2
SOUTHERN,Financial District/South Beach,2023-02,4,-0.2595337599215208,2,2
SOUTHERN,Financial District/South Beach,2023-03,6,-0.25447485551028837,3,2
SOUTHERN,Financial District/South Beach,2023-04,7,-0.25194540330467213,4,2
SOUTHERN,Financial District/South Beach,2023-05,11,-0.24182759448220725,5,2
SOUTHERN,Financial District/South Beach,2023-06,7,-0.25194540330467213,6,2
SOUTHERN,Financial District/South Beach,2023-07,11,-0.24182759448220725,7,2
SOUTHERN,Financial District/South Beach,2023-08,8,-0.2494159510990559,8,2
SOUTHERN,Financial District/South Beach,2023-09,8,-0.2494159510990559,9,2
SOUTHERN,Financial District/South Beach,2023-10,14,-0.2342392378653586,10,1
SOUTHERN,Financial District/South Beach,2023-11,10,-0.2443570466878235,11,2
SOUTHERN,Financial District/South Beach,2023-12,8,-0.2494159510990559,12,2
SOUTHERN,Hayes Valley,2023-01,34,-0.18365019375303424,1,3
SOUTHERN,Hayes Valley,2023-02,19,-0.22159197683727752,2,1
SOUTHERN,Hayes Valley,2023-03,17,-0.22665088124850996,3,1
SOUTHERN,Hayes Valley,2023-04,18,-0.22412142904289373,4,1
SOUTHERN,Hayes Valley,2023-05,17,-0.22665088124850996,5,1
SOUTHERN,Hayes Valley,2023-06,21,-0.21653307242604508,6,1
SOUTHERN,Hayes Valley,2023-07,24,-0.20894471580919644,7,1
SOUTHERN,Hayes Valley,2023-08,45,-0.15582621949125586,8,3
SOUTHERN,Hayes Valley,2023-09,17,-0.22665088124850996,9,1
SOUTHERN,Hayes Valley,2023-10,24,-0.20894471580919644,10,1
SOUTHERN,Hayes Valley,2023-11,21,-0.21653307242604508,11,1
SOUTHERN,Hayes Valley,2023-12,23,-0.21147416801481264,12,1
SOUTHERN,Mission,2023-01,30,-0.19376800257549912,1,1
SOUTHERN,Mission,2023-02,29,-0.19629745478111535,2,1
SOUTHERN,Mission,2023-03,34,-0.18365019375303424,3,3
SOUTHERN,Mission,2023-04,36,-0.17859128934180182,4,3
SOUTHERN,Mission,2023-05,44,-0.15835567169687206,5,3
SOUTHERN,Mission,2023-06,40,-0.16847348051933694,6,3
SOUTHERN,Mission,2023-07,31,-0.1912385503698829,7,1
SOUTHERN,Mission,2023-08,51,-0.14064950625755854,8,3
SOUTHERN,Mission,2023-09,31,-0.1912385503698829,9,1
SOUTHERN,Mission,2023-10,32,-0.18870909816426668,10,1
SOUTHERN,Mission,2023-11,26,-0.203885811397964,11,1
SOUTHERN,Mission,2023-12,33,-0.18617964595865047,12,3
SOUTHERN,Mission Bay,2023-01,99,-0.01923580038798008,1,4
SOUTHERN,Mission Bay,2023-02,93,-0.03441251362167739,2,0
SOUTHERN,Mission Bay,2023-03,116,0.023764887107495625,3,4
SOUTHERN,Mission Bay,2023-04,103,-0.00911799156551521,4,4
SOUTHERN,Mission Bay,2023-05,88,-0.047059774649758475,5,0
SOUTHERN,Mission Bay,2023-06,71,-0.09006046214523418,6,0
SOUTHERN,Mission Bay,2023-07,59,-0.12041388861262879,7,3
SOUTHERN,Mission Bay,2023-08,78,-0.07235429670592065,8,0
SOUTHERN,Mission Bay,2023-09,73,-0.08500155773400175,9,0
SOUTHERN,Mission Bay,2023-10,94,-0.03188306141606117,10,0
SOUTHERN,Mission Bay,2023-11,85,-0.054648131266607135,11,0
SOUTHERN,Mission Bay,2023-12,83,-0.05970703567783957,12,0
SOUTHERN,Potrero Hill,2023-01,0,-0.26965156874398566,1,2
SOUTHERN,Potrero Hill,2023-02,0,-0.26965156874398566,2,2
SOUTHERN,Potrero Hill,2023-03,0,-0.26965156874398566,3,2
SOUTHERN,Potrero Hill,2023-04,1,-0.2671221165383694,4,2
SOUTHERN,Potrero Hill,2023-05,0,-0.26965156874398566,5,2
SOUTHERN,Potrero Hill,2023-06,0,-0.26965156874398566,6,2
SOUTHERN,Potrero Hill,2023-07,0,-0.26965156874398566,7,2
SOUTHERN,Potrero Hill,2023-08,1,-0.2671221165383694,8,2
SOUTHERN,Potrero Hill,2023-09,1,-0.2671221165383694,9,2
SOUTHERN,Potrero Hill,2023-10,1,-0.2671221165383694,10,2
SOUTHERN,Potrero Hill,2023-11,0,-0.26965156874398566,11,2
SOUTHERN,Potrero Hill,2023-12,1,-0.2671221165383694,12,2
SOUTHERN,South of Market,2023-01,28,-0.19882690698673156,1,1
SOUTHERN,South of Market,2023-02,20,-0.2190625246316613,2,1
SOUTHERN,South of Market,2023-03,20,-0.2190625246316613,3,1
SOUTHERN,South of Market,2023-04,24,-0.20894471580919644,4,1
SOUTHERN,South of Market,2023-05,20,-0.2190625246316613,5,1
SOUTHERN,South of Market,2023-06,20,-0.2190625246316613,6,1
SOUTHERN,South of Market,2023-07,24,-0.20894471580919644,7,1
SOUTHERN,South of Market,2023-08,30,-0.19376800257549912,8,1
SOUTHERN,South of Market,2023-09,29,-0.19629745478111535,9,1
SOUTHERN,South of Market,2023-10,27,-0.20135635919234776,10,1
SOUTHERN,South of Market,2023-11,31,-0.1912385503698829,11,1
SOUTHERN,South of Market,2023-12,27,-0.20135635919234776,12,1
SOUTHERN,Treasure Island,2023-01,1,-0.2671221165383694,1,2
SOUTHERN,Treasure Island,2023-02,0,-0.26965156874398566,2,2
SOUTHERN,Treasure Island,2023-03,2,-0.26459266433275325,3,2
SOUTHERN,Treasure Island,2023-04,1,-0.2671221165383694,4,2
SOUTHERN,Treasure Island,2023-05,0,-0.26965156874398566,5,2
SOUTHERN,Treasure Island,2023-06,2,-0.26459266433275325,6,2
SOUTHERN,Treasure Island,2023-07,0,-0.26965156874398566,7,2
SOUTHERN,Treasure Island,2023-08,0,-0.26965156874398566,8,2
SOUTHERN,Treasure Island,2023-09,2,-0.26459266433275325,9,2
SOUTHERN,Treasure Island,2023-10,2,-0.26459266433275325,10,2
SOUTHERN,Treasure Island,2023-11,0,-0.26965156874398566,11,2
SOUTHERN,Treasure Island,2023-12,2,-0.26459266433275325,12,2
TARAVAL,Golden Gate Park,2023-01,58,-0.12294334081824501,1,4
TARAVAL,Golden Gate Park,2023-02,85,-0.054648131266607135,2,4
TARAVAL,Golden Gate Park,2023-03,69,-0.09511936655646662,3,4
TARAVAL,Golden Gate Park,2023-04,72,-0.08753100993961796,4,4
TARAVAL,Golden Gate Park,2023-05,74,-0.08247210552838553,5,4
TARAVAL,Golden Gate Park,2023-06,57,-0.12547279302386125,6,4
TARAVAL,Golden Gate Park,2023-07,56,-0.12800224522947745,7,4
TARAVAL,Golden Gate Park,2023-08,98,-0.0217652525935963,8,4
TARAVAL,Golden Gate Park,2023-09,79,-0.06982484450030443,9,4
TARAVAL,Golden Gate Park,2023-10,94,-0.03188306141606117,10,4
TARAVAL,Golden Gate Park,2023-11,58,-0.12294334081824501,11,4
TARAVAL,Golden Gate Park,2023-12,46,-0.15329676728563962,12,4
TARAVAL,Inner Sunset,2023-01,229,0.30959298634212823,1,3
TARAVAL,Inner Sunset,2023-02,199,0.2337094201736417,2,3
TARAVAL,Inner Sunset,2023-03,237,0.32982860398705793,3,3
TARAVAL,Inner Sunset,2023-04,261,0.3905354569218472,4,3
TARAVAL,Inner Sunset,2023-05,218,0.2817690120803499,5,3
TARAVAL,Inner Sunset,2023-06,249,0.3601820304544526,6,3
TARAVAL,Inner Sunset,2023-07,235,0.3247696995758255,7,3
TARAVAL,Inner Sunset,2023-08,301,0.4917135451464959,8,2
TARAVAL,Inner Sunset,2023-09,320,0.5397731370532041,9,2
TARAVAL,Inner Sunset,2023-10,300,0.48918409294087967,10,2
TARAVAL,Inner Sunset,2023-11,231,0.3146518907533607,11,3
TARAVAL,Inner Sunset,2023-12,232,0.31718134295897693,12,3
TARAVAL,Lakeshore,2023-01,10,-0.2443570466878235,1,1
TARAVAL,Lakeshore,2023-02,15,-0.23170978565974237,2,1
TARAVAL,Lakeshore,2023-03,7,-0.25194540330467213,3,1
TARAVAL,Lakeshore,2023-04,10,-0.2443570466878235,4,1
TARAVAL,Lakeshore,2023-05,9,-0.2468864988934397,5,1
TARAVAL,Lakeshore,2023-06,11,-0.24182759448220725,6,1
TARAVAL,Lakeshore,2023-07,13,-0.2367686900709748,7,1
TARAVAL,Lakeshore,2023-08,10,-0.2443570466878235,8,1
TARAVAL,Lakeshore,2023-09,11,-0.24182759448220725,9,1
TARAVAL,Lakeshore,2023-10,13,-0.2367686900709748,10,1
TARAVAL,Lakeshore,2023-11,6,-0.25447485551028837,11,1
TARAVAL,Lakeshore,2023-12,5,-0.25700430771590455,12,1
TARAVAL,Oceanview/Merced/Ingleside,2023-01,53,-0.1355906018463261,1,4
TARAVAL,Oceanview/Merced/Ingleside,2023-02,72,-0.08753100993961796,2,4
TARAVAL,Oceanview/Merced/Ingleside,2023-03,92,-0.03694196582729361,3,4
TARAVAL,Oceanview/Merced/Ingleside,2023-04,88,-0.047059774649758475,4,4
TARAVAL,Oceanview/Merced/Ingleside,2023-05,59,-0.12041388861262879,5,4
TARAVAL,Oceanview/Merced/Ingleside,2023-06,67,-0.10017827096769906,6,4
TARAVAL,Oceanview/Merced/Ingleside,2023-07,65,-0.10523717537893149,7,4
TARAVAL,Oceanview/Merced/Ingleside,2023-08,87,-0.049589226855374695,8,4
TARAVAL,Oceanview/Merced/Ingleside,2023-09,80,-0.06729539229468823,9,4
TARAVAL,Oceanview/Merced/Ingleside,2023-10,81,-0.06476594008907201,10,4
TARAVAL,Oceanview/Merced/Ingleside,2023-11,116,0.023764887107495625,11,0
TARAVAL,Oceanview/Merced/Ingleside,2023-12,87,-0.049589226855374695,12,4
TARAVAL,Outer Mission,2023-01,0,-0.26965156874398566,1,1
TARAVAL,Outer Mission,2023-02,0,-0.26965156874398566,2,1
TARAVAL,Outer Mission,2023-03,1,-0.2671221165383694,3,1
TARAVAL,Outer Mission,2023-04,0,-0.26965156874398566,4,1
TARAVAL,Outer Mission,2023-05,0,-0.26965156874398566,5,1
TARAVAL,Outer Mission,2023-06,0,-0.26965156874398566,6,1
TARAVAL,Outer Mission,2023-07,0,-0.26965156874398566,7,1
TARAVAL,Outer Mission,2023-08,0,-0.26965156874398566,8,1
TARAVAL,Outer Mission,2023-09,0,-0.26965156874398566,9,1
TARAVAL,Outer Mission,2023-10,0,-0.26965156874398566,10,1
TARAVAL,Outer Mission,2023-11,1,-0.2671221165383694,11,1
TARAVAL,Outer Mission,2023-12,0,-0.26965156874398566,12,1
TARAVAL,Sunset/Parkside,2023-01,147,0.10217790548159839,1,0
TARAVAL,Sunset/Parkside,2023-02,121,0.036412148135576715,2,0
TARAVAL,Sunset/Parkside,2023-03,132,0.06423612239735511,3,0
TARAVAL,Sunset/Parkside,2023-04,149,0.10723680989283081,4,0
TARAVAL,Sunset/Parkside,2023-05,137,0.0768833834254362,5,0
TARAVAL,Sunset/Parkside,2023-06,135,0.07182447901420376,6,0
TARAVAL,Sunset/Parkside,2023-07,150,0.10976626209844703,7,0
TARAVAL,Sunset/Parkside,2023-08,173,0.16794366282762005,8,0
TARAVAL,Sunset/Parkside,2023-09,165,0.1477080451826903,9,0
TARAVAL,Sunset/Parkside,2023-10,170,0.1603553062107714,10,0
TARAVAL,Sunset/Parkside,2023-11,166,0.15023749738830652,11,0
TARAVAL,Sunset/Parkside,2023-12,160,0.1350607841546092,12,0
TARAVAL,West of Twin Peaks,2023-01,81,-0.06476594008907201,1,4
TARAVAL,West of Twin Peaks,2023-02,79,-0.06982484450030443,2,4
TARAVAL,West of Twin Peaks,2023-03,107,0.0009998172569496624,3,4
TARAVAL,West of Twin Peaks,2023-04,101,-0.014176895976747645,4,4
TARAVAL,West of Twin Peaks,2023-05,90,-0.04200087023852604,5,4
TARAVAL,West of Twin Peaks,2023-06,70,-0.0925899143508504,6,4
TARAVAL,West of Twin Peaks,2023-07,82,-0.06223648788345579,7,4
TARAVAL,West of Twin Peaks,2023-08,112,0.013647078285030752,8,0
TARAVAL,West of Twin Peaks,2023-09,100,-0.016706348182363863,9,4
TARAVAL,West of Twin Peaks,2023-10,86,-0.052118679060990915,10,4
TARAVAL,West of Twin Peaks,2023-11,89,-0.04453032244414226,11,4
TARAVAL,West of Twin Peaks,2023-12,71,-0.09006046214523418,12,4
TENDERLOIN,Financial District/South Beach,2023-01,88,-0.047059774649758475,1,0
TENDERLOIN,Financial District/South Beach,2023-02,77,-0.07488374891153687,2,0
TENDERLOIN,Financial District/South Beach,2023-03,78,-0.07235429670592065,3,0
TENDERLOIN,Financial District/South Beach,2023-04,101,-0.014176895976747645,4,0
TENDERLOIN,Financial District/South Beach,2023-05,87,-0.049589226855374695,5,0
TENDERLOIN,Financial District/South Beach,2023-06,76,-0.0774132011171531,6,0
TENDERLOIN,Financial District/South Beach,2023-07,90,-0.04200087023852604,7,0
TENDERLOIN,Financial District/South Beach,2023-08,125,0.04652995695804159,8,0
TENDERLOIN,Financial District/South Beach,2023-09,110,0.008588173873798316,9,0
TENDERLOIN,Financial District/South Beach,2023-10,56,-0.12800224522947745,10,0
TENDERLOIN,Financial District/South Beach,2023-11,80,-0.06729539229468823,11,0
TENDERLOIN,Financial District/South Beach,2023-12,100,-0.016706348182363863,12,0
TENDERLOIN,South of Market,2023-01,7,-0.25194540330467213,1,0
TENDERLOIN,South of Market,2023-02,9,-0.2468864988934397,2,0
TENDERLOIN,South of Market,2023-03,11,-0.24182759448220725,3,0
TENDERLOIN,South of Market,2023-04,12,-0.23929814227659105,4,0
TENDERLOIN,South of Market,2023-05,7,-0.25194540330467213,5,0
TENDERLOIN,South of Market,2023-06,6,-0.25447485551028837,6,0
TENDERLOIN,South of Market,2023-07,9,-0.2468864988934397,7,0
TENDERLOIN,South of Market,2023-08,11,-0.24182759448220725,8,0
TENDERLOIN,South of Market,2023-09,6,-0.25447485551028837,9,0
TENDERLOIN,South of Market,2023-10,8,-0.2494159510990559,10,0
TENDERLOIN,South of Market,2023-11,6,-0.25447485551028837,11,0
TENDERLOIN,South of Market,2023-12,8,-0.2494159510990559,12,0
TENDERLOIN,Tenderloin,2023-01,3299,8.075011257583917,1,1
TENDERLOIN,Tenderloin,2023-02,3668,9.008379121456302,2,2
TENDERLOIN,Tenderloin,2023-03,3787,9.309383933924632,3,2
TENDERLOIN,Tenderloin,2023-04,3372,8.259661268593902,4,4
TENDERLOIN,Tenderloin,2023-05,3236,7.915655768630096,5,1
TENDERLOIN,Tenderloin,2023-06,3308,8.097776327434463,6,1
TENDERLOIN,Tenderloin,2023-07,3287,8.044657831116522,7,1
TENDERLOIN,Tenderloin,2023-08,3464,8.492370871510593,8,4
TENDERLOIN,Tenderloin,2023-09,3253,7.9586564561255715,9,1
TENDERLOIN,Tenderloin,2023-10,3202,7.829654393639145,10,1
TENDERLOIN,Tenderloin,2023-11,2954,7.202350246646322,11,3
TENDERLOIN,Tenderloin,2023-12,3102,7.576709173077523,12,3
